epoch,train_loss,AP@0.3,AP@0.5,F1,precision,recall,best_conf,all/AP@0.3,all/AP@0.5,all/F1,all/precision,all/recall,all/best_conf,val_loss
1,6.367914689794683,0.39581791282441614,0.23562513683594605,0.2962962962962963,0.35142118863049093,0.256120527306968,0.55,0.39210452381893496,0.23238575993718305,0.2908179254152303,0.3482176360225141,0.24966370729082593,0.55,8.616507192564999
2,6.186998766563575,0.4077279924386026,0.24092372734715012,0.30842797369994024,0.42225859247135844,0.24293785310734464,0.52,0.4014730108945827,0.23595874968952102,0.3008514664143803,0.4171237777247794,0.23527037933817596,0.52,8.539987550616939
3,6.099133083801679,0.38142361482857673,0.22389044964955684,0.3018419489007724,0.40901771336553944,0.2391713747645951,0.52,0.3773708465292869,0.2180922513003505,0.2931091877496671,0.38432998690528153,0.23688458434221146,0.51,8.844351589791968
