{"lr/pg0":0.0009803453744100868,"train_batch0":{"size":341965,"path":"media/images/train_batch0_1_63ae3850f4ec3eb75ecf.jpg","format":"jpg","width":1920,"height":1920,"_type":"image-file","sha256":"63ae3850f4ec3eb75ecf66e0dc665a2968db42ba47b14bf76529ff83e28a5b71"},"lr/pg1":0.0009803453744100868,"_wandb":{"runtime":158},"metrics/mAP50(B)":0.01096,"train_batch1":{"height":1920,"_type":"image-file","sha256":"c5abd5f3729bbbb77e0fbbf52837cdf5e4ba8c2855935afa711cb265dea68c33","size":369008,"path":"media/images/train_batch1_1_c5abd5f3729bbbb77e0f.jpg","format":"jpg","width":1920},"train/cls_loss":4.13897,"_runtime":158,"model/GFLOPs":0,"val/cls_loss":3.3332,"val/box_loss":2.59536,"_timestamp":1.7751412789421575e+09,"metrics/precision(B)":0.00821,"labels":{"format":"jpg","width":1600,"height":1600,"_type":"image-file","sha256":"8617bec0111dcc4f9549e5e832e3145c05129bfb5dc37fa04bab9fd6906f1786","size":116138,"path":"media/images/labels_1_8617bec0111dcc4f9549.jpg"},"metrics/recall(B)":0.42686,"metrics/mAP50-95(B)":0.00378,"val/dfl_loss":2.04127,"train/box_loss":2.69416,"model/speed_PyTorch(ms)":16.394,"_step":10,"train/dfl_loss":2.00403,"model/parameters":33044566,"lr/pg2":0.0009803453744100868,"train_batch2":{"sha256":"79a4417558029b2308f332c8a1187ae865b8e5d9fa8e4ee05443065cec2c904b","size":401202,"path":"media/images/train_batch2_1_79a4417558029b2308f3.jpg","format":"jpg","width":1920,"height":1920,"_type":"image-file"}}