{
  "label": "stfs_crrcd_v6_etf_postref_centreKD_stfsAlign_stfsShifter",
  "run_dir": "/home/dsa/stenosis/rfdetr_video/runs/stfs_crrcd_v6_etf_postref_centreKD_stfsAlign_stfsShifter",
  "dataset": "dataset2_split_test",
  "img_dir": "/home/dsa/stenosis/data/dataset2_split/test/images",
  "lbl_dir": "/home/dsa/stenosis/data/dataset2_split/test/labels",
  "variants": {
    "final": {
      "macro": {
        "AP30": 0.5621094049501124,
        "AP50": 0.36458778143249865,
        "AP75": 0.022563184217011884,
        "AP5095": 0.10811690972218933,
        "F1": 0.3989624587932047
      },
      "micro": {
        "AP30": 0.5656821708408837,
        "AP50": 0.2711108811539211,
        "AP75": 0.008786154123531249,
        "AP5095": 0.07194337086974002,
        "F1": 0.36566125290023205,
        "P": 0.38364167478091526,
        "R": 0.34929078014184395,
        "thr": 0.48
      }
    },
    "first_pass": {
      "macro": {
        "AP30": 0.536565783807251,
        "AP50": 0.34017454461361235,
        "AP75": 0.02239191319713781,
        "AP5095": 0.09918091199558958,
        "F1": 0.38127945297380944
      },
      "micro": {
        "AP30": 0.5239338969755244,
        "AP50": 0.1744453625116201,
        "AP75": 0.0054894497798865126,
        "AP5095": 0.04165559739590456,
        "F1": 0.35402298850574715,
        "P": 0.36771728748806115,
        "R": 0.34131205673758863,
        "thr": 0.19
      }
    },
    "refine_no_stfs": {
      "macro": {
        "AP30": 0.559684464763087,
        "AP50": 0.3600373674588492,
        "AP75": 0.02307045382052202,
        "AP5095": 0.10713497212865647,
        "F1": 0.39596616033804566
      },
      "micro": {
        "AP30": 0.5689521233728225,
        "AP50": 0.26725690273162017,
        "AP75": 0.009353821353897094,
        "AP5095": 0.07072795305139465,
        "F1": 0.36143250688705225,
        "P": 0.4774381368267831,
        "R": 0.2907801418439716,
        "thr": 0.58
      }
    },
    "no_etf_final": {
      "macro": {
        "AP30": 0.5592544733908297,
        "AP50": 0.33422322720317765,
        "AP75": 0.024810173536041844,
        "AP5095": 0.10678714436051066,
        "F1": 0.39661809799150083
      },
      "micro": {
        "AP30": 0.5163419107968887,
        "AP50": 0.24955509490610883,
        "AP75": 0.010428603456267877,
        "AP5095": 0.07034932729799713,
        "F1": 0.3436830835117773,
        "P": 0.4337837837837838,
        "R": 0.2845744680851064,
        "thr": 0.5700000000000001
      }
    },
    "no_etf_first_pass": {
      "macro": {
        "AP30": 0.5378005634464834,
        "AP50": 0.31888602368070557,
        "AP75": 0.03591444451303628,
        "AP5095": 0.1044585032214335,
        "F1": 0.3672360962463779
      },
      "micro": {
        "AP30": 0.4565500663012767,
        "AP50": 0.18709417690360555,
        "AP75": 0.008120306612109562,
        "AP5095": 0.04965982644170361,
        "F1": 0.32789939450395905,
        "P": 0.34543670264965654,
        "R": 0.3120567375886525,
        "thr": 0.2
      }
    },
    "no_etf_refine_no_stfs": {
      "macro": {
        "AP30": 0.5574531064748363,
        "AP50": 0.33427709424878904,
        "AP75": 0.025862741827149614,
        "AP5095": 0.10686811160299789,
        "F1": 0.39684348758381666
      },
      "micro": {
        "AP30": 0.5183318408037199,
        "AP50": 0.26314764537374724,
        "AP75": 0.011744378119516216,
        "AP5095": 0.07544495863311594,
        "F1": 0.34408602150537637,
        "P": 0.4371584699453552,
        "R": 0.28368794326241137,
        "thr": 0.5700000000000001
      }
    },
    "stfs_no_aggregator": {
      "macro": {
        "AP30": 0.5597849184254612,
        "AP50": 0.35916414850522493,
        "AP75": 0.023576787640062484,
        "AP5095": 0.10652038197624981,
        "F1": 0.395247437872366
      },
      "micro": {
        "AP30": 0.5698109133537825,
        "AP50": 0.2632115612113482,
        "AP75": 0.009126545162524346,
        "AP5095": 0.06868499172249501,
        "F1": 0.3639740018570103,
        "P": 0.3820662768031189,
        "R": 0.3475177304964539,
        "thr": 0.48
      }
    },
    "stfs_no_shifter": {
      "macro": {
        "AP30": 0.5623247999138598,
        "AP50": 0.35790293078959373,
        "AP75": 0.0214707494467865,
        "AP5095": 0.10334655482002193,
        "F1": 0.39580287607482184
      },
      "micro": {
        "AP30": 0.5663226640131453,
        "AP50": 0.2588003406811984,
        "AP75": 0.007466574876794425,
        "AP5095": 0.06431276059472826,
        "F1": 0.3610208816705336,
        "P": 0.37877312560856863,
        "R": 0.3448581560283688,
        "thr": 0.48
      }
    },
    "stfs_no_candidate_refine": {
      "macro": {
        "AP30": 0.5591730843156747,
        "AP50": 0.35415427823550305,
        "AP75": 0.023622166650338002,
        "AP5095": 0.10520274254770394,
        "F1": 0.39389605325160376
      },
      "micro": {
        "AP30": 0.5606962709720775,
        "AP50": 0.2556530083466786,
        "AP75": 0.00906977620420466,
        "AP5095": 0.06741869853190066,
        "F1": 0.3619489559164734,
        "P": 0.379746835443038,
        "R": 0.34574468085106386,
        "thr": 0.48
      }
    },
    "stfs_legacy_no_agg_no_shift": {
      "macro": {
        "AP30": 0.5601927413174473,
        "AP50": 0.3543498987999173,
        "AP75": 0.022022163437338673,
        "AP5095": 0.10423683913822772,
        "F1": 0.39125542227877774
      },
      "micro": {
        "AP30": 0.5692987534820464,
        "AP50": 0.26083633593054845,
        "AP75": 0.008451797352702085,
        "AP5095": 0.06796832252544226,
        "F1": 0.35730858468677495,
        "P": 0.3748782862706913,
        "R": 0.34131205673758863,
        "thr": 0.48
      }
    }
  },
  "track_stats": {
    "normal": {
      "windows": 1128,
      "avg_tracks_per_window": 0.32092198581560283,
      "avg_injected_slots_per_window": 0.29343971631205673,
      "avg_centre_injected_slots_per_window": 0.041666666666666664,
      "window_any_injection_rate": 0.19326241134751773,
      "window_centre_injection_rate": 0.041666666666666664,
      "best_t_counts": {
        "0": 71,
        "1": 80,
        "2": 77,
        "3": 71,
        "4": 63
      }
    },
    "no_etf": {
      "windows": 1128,
      "avg_tracks_per_window": 0.15159574468085107,
      "avg_injected_slots_per_window": 0.20833333333333334,
      "avg_centre_injected_slots_per_window": 0.03102836879432624,
      "window_any_injection_rate": 0.13120567375886524,
      "window_centre_injection_rate": 0.03102836879432624,
      "best_t_counts": {
        "0": 38,
        "1": 34,
        "2": 36,
        "3": 33,
        "4": 30
      }
    }
  }
}
