{
  "label": "smoke_postref_modules",
  "run_dir": "/home/dsa/stenosis/rfdetr_video/runs/stfs_crrcd_v6_etf_postref_centreKD_stfsAlign_stfsShifter",
  "variants": {
    "final": {
      "macro": {
        "AP30": 0.5649576271186441,
        "AP50": 0.012737030368242313,
        "AP75": 0.0,
        "AP5095": 0.001565823473280757,
        "F1": 0.07692307692307691
      },
      "micro": {
        "AP30": 0.5649576271186441,
        "AP50": 0.012737030368242313,
        "AP75": 0.0,
        "AP5095": 0.001565823473280757,
        "F1": 0.07692307692307691,
        "P": 0.07142857142857142,
        "R": 0.08333333333333333,
        "thr": 0.14
      }
    },
    "first_pass": {
      "macro": {
        "AP30": 0.451599904183802,
        "AP50": 0.022708140872162885,
        "AP75": 2.391200382592061e-05,
        "AP5095": 0.0024071125090240363,
        "F1": 0.0975609756097561
      },
      "micro": {
        "AP30": 0.451599904183802,
        "AP50": 0.022708140872162885,
        "AP75": 2.391200382592061e-05,
        "AP5095": 0.0024071125090240363,
        "F1": 0.0975609756097561,
        "P": 0.06896551724137931,
        "R": 0.16666666666666666,
        "thr": 0.01
      }
    },
    "refine_no_stfs": {
      "macro": {
        "AP30": 0.5649576271186441,
        "AP50": 0.012737030368242313,
        "AP75": 0.0,
        "AP5095": 0.001565823473280757,
        "F1": 0.07692307692307691
      },
      "micro": {
        "AP30": 0.5649576271186441,
        "AP50": 0.012737030368242313,
        "AP75": 0.0,
        "AP5095": 0.001565823473280757,
        "F1": 0.07692307692307691,
        "P": 0.07142857142857142,
        "R": 0.08333333333333333,
        "thr": 0.14
      }
    },
    "no_etf_final": {
      "macro": {
        "AP30": 0.1281972634484317,
        "AP50": 0.046848195054551386,
        "AP75": 0.0,
        "AP5095": 0.005120499632717827,
        "F1": 0.14814814814814814
      },
      "micro": {
        "AP30": 0.1281972634484317,
        "AP50": 0.046848195054551386,
        "AP75": 0.0,
        "AP5095": 0.005120499632717827,
        "F1": 0.14814814814814814,
        "P": 0.13333333333333333,
        "R": 0.16666666666666666,
        "thr": 0.14
      }
    },
    "no_etf_first_pass": {
      "macro": {
        "AP30": 0.06994742360009863,
        "AP50": 0.0071526905238339,
        "AP75": 0.0,
        "AP5095": 0.0007677201712359776,
        "F1": 0.0027685492801771874
      },
      "micro": {
        "AP30": 0.06994742360009863,
        "AP50": 0.0071526905238339,
        "AP75": 0.0,
        "AP5095": 0.0007677201712359776,
        "F1": 0.0027685492801771874,
        "P": 0.001388888888888889,
        "R": 0.4166666666666667,
        "thr": 0.0
      }
    },
    "no_etf_refine_no_stfs": {
      "macro": {
        "AP30": 0.1281972634484317,
        "AP50": 0.046848195054551386,
        "AP75": 0.0,
        "AP5095": 0.005120499632717827,
        "F1": 0.14814814814814814
      },
      "micro": {
        "AP30": 0.1281972634484317,
        "AP50": 0.046848195054551386,
        "AP75": 0.0,
        "AP5095": 0.005120499632717827,
        "F1": 0.14814814814814814,
        "P": 0.13333333333333333,
        "R": 0.16666666666666666,
        "thr": 0.14
      }
    },
    "stfs_no_aggregator": {
      "macro": {
        "AP30": 0.5649576271186441,
        "AP50": 0.012737030368242313,
        "AP75": 0.0,
        "AP5095": 0.001565823473280757,
        "F1": 0.07692307692307691
      },
      "micro": {
        "AP30": 0.5649576271186441,
        "AP50": 0.012737030368242313,
        "AP75": 0.0,
        "AP5095": 0.001565823473280757,
        "F1": 0.07692307692307691,
        "P": 0.07142857142857142,
        "R": 0.08333333333333333,
        "thr": 0.14
      }
    },
    "stfs_no_shifter": {
      "macro": {
        "AP30": 0.5649576271186441,
        "AP50": 0.012737030368242313,
        "AP75": 0.0,
        "AP5095": 0.001565823473280757,
        "F1": 0.07692307692307691
      },
      "micro": {
        "AP30": 0.5649576271186441,
        "AP50": 0.012737030368242313,
        "AP75": 0.0,
        "AP5095": 0.001565823473280757,
        "F1": 0.07692307692307691,
        "P": 0.07142857142857142,
        "R": 0.08333333333333333,
        "thr": 0.14
      }
    },
    "stfs_no_candidate_refine": {
      "macro": {
        "AP30": 0.5649576271186441,
        "AP50": 0.012737030368242313,
        "AP75": 0.0,
        "AP5095": 0.001565823473280757,
        "F1": 0.07692307692307691
      },
      "micro": {
        "AP30": 0.5649576271186441,
        "AP50": 0.012737030368242313,
        "AP75": 0.0,
        "AP5095": 0.001565823473280757,
        "F1": 0.07692307692307691,
        "P": 0.07142857142857142,
        "R": 0.08333333333333333,
        "thr": 0.14
      }
    },
    "stfs_legacy_no_agg_no_shift": {
      "macro": {
        "AP30": 0.5649576271186441,
        "AP50": 0.012737030368242313,
        "AP75": 0.0,
        "AP5095": 0.001565823473280757,
        "F1": 0.07692307692307691
      },
      "micro": {
        "AP30": 0.5649576271186441,
        "AP50": 0.012737030368242313,
        "AP75": 0.0,
        "AP5095": 0.001565823473280757,
        "F1": 0.07692307692307691,
        "P": 0.07142857142857142,
        "R": 0.08333333333333333,
        "thr": 0.14
      }
    }
  },
  "track_stats": {
    "normal": {
      "windows": 12,
      "avg_tracks_per_window": 0.0,
      "avg_injected_slots_per_window": 0.0,
      "avg_centre_injected_slots_per_window": 0.0,
      "window_any_injection_rate": 0.0,
      "window_centre_injection_rate": 0.0,
      "best_t_counts": {}
    },
    "no_etf": {
      "windows": 12,
      "avg_tracks_per_window": 0.0,
      "avg_injected_slots_per_window": 0.0,
      "avg_centre_injected_slots_per_window": 0.0,
      "window_any_injection_rate": 0.0,
      "window_centre_injection_rate": 0.0,
      "best_t_counts": {}
    }
  }
}
