{
  "label": "video_crrcd_v6_etf_postref_centreKD_stfsAlign_stfsShifter",
  "run_dir": "/home/dsa/stenosis/rfdetr_video/runs/stfs_crrcd_v6_etf_postref_centreKD_stfsAlign_stfsShifter",
  "variants": {
    "final": {
      "macro": {
        "AP30": 0.5166886531822807,
        "AP50": 0.2727409975018359,
        "AP75": 0.018257752947299803,
        "AP5095": 0.07868653957500722,
        "F1": 0.3319190150345956
      },
      "micro": {
        "AP30": 0.3996842722075419,
        "AP50": 0.11594446336282457,
        "AP75": 0.0008109493170991475,
        "AP5095": 0.023610547794964847,
        "F1": 0.2441008950366151,
        "P": 0.3207412687099073,
        "R": 0.19702276707530647,
        "thr": 0.49
      }
    },
    "first_pass": {
      "macro": {
        "AP30": 0.4819611207216523,
        "AP50": 0.23639898975411033,
        "AP75": 0.016308058649298872,
        "AP5095": 0.06847986570398346,
        "F1": 0.29161341029007354
      },
      "micro": {
        "AP30": 0.32824557155959183,
        "AP50": 0.08138995635588707,
        "AP75": 0.0007198123221699061,
        "AP5095": 0.01708526793791865,
        "F1": 0.23288381742738587,
        "P": 0.2856234096692112,
        "R": 0.19658493870402802,
        "thr": 0.17
      }
    },
    "refine_no_stfs": {
      "macro": {
        "AP30": 0.5160034552048035,
        "AP50": 0.2725692528578278,
        "AP75": 0.018324744362457616,
        "AP5095": 0.07889210482925943,
        "F1": 0.33153565463206053
      },
      "micro": {
        "AP30": 0.40436153781008866,
        "AP50": 0.11547902189625493,
        "AP75": 0.0008771288441958867,
        "AP5095": 0.023631469966646054,
        "F1": 0.2435584486032004,
        "P": 0.32002851033499646,
        "R": 0.19658493870402802,
        "thr": 0.49
      }
    },
    "no_etf_final": {
      "macro": {
        "AP30": 0.4266130865681633,
        "AP50": 0.23108752919027467,
        "AP75": 0.012485545959739709,
        "AP5095": 0.06349029976697877,
        "F1": 0.28576557029041216
      },
      "micro": {
        "AP30": 0.28045013408762154,
        "AP50": 0.08242077214297938,
        "AP75": 0.0005502666633278356,
        "AP5095": 0.016307432516913932,
        "F1": 0.2020497803806735,
        "P": 0.1934321185422507,
        "R": 0.21147110332749564,
        "thr": 0.13
      }
    },
    "no_etf_first_pass": {
      "macro": {
        "AP30": 0.41279360139548105,
        "AP50": 0.21328089262312194,
        "AP75": 0.01476415951760334,
        "AP5095": 0.058717436876607534,
        "F1": 0.24799098583049312
      },
      "micro": {
        "AP30": 0.24199111221873112,
        "AP50": 0.06866019835322393,
        "AP75": 0.00040715236848051827,
        "AP5095": 0.013776702540791153,
        "F1": 0.19289734135455078,
        "P": 0.17323109097246428,
        "R": 0.21760070052539404,
        "thr": 0.01
      }
    },
    "no_etf_refine_no_stfs": {
      "macro": {
        "AP30": 0.4265632332135875,
        "AP50": 0.23040928769392507,
        "AP75": 0.012486095502169642,
        "AP5095": 0.06362586785064081,
        "F1": 0.2851253044768537
      },
      "micro": {
        "AP30": 0.28332991582175027,
        "AP50": 0.08161038282324416,
        "AP75": 0.0005512069581254339,
        "AP5095": 0.01620534563212304,
        "F1": 0.2011289985364834,
        "P": 0.19247699079631853,
        "R": 0.2105954465849387,
        "thr": 0.13
      }
    }
  },
  "track_stats": {
    "normal": {
      "windows": 1614,
      "avg_tracks_per_window": 0.1406443618339529,
      "avg_injected_slots_per_window": 0.1579925650557621,
      "avg_centre_injected_slots_per_window": 0.019206939281288724,
      "window_any_injection_rate": 0.09913258983890955,
      "window_centre_injection_rate": 0.019206939281288724,
      "best_t_counts": {
        "0": 42,
        "1": 51,
        "2": 56,
        "3": 42,
        "4": 36
      }
    },
    "no_etf": {
      "windows": 1614,
      "avg_tracks_per_window": 0.03283767038413878,
      "avg_injected_slots_per_window": 0.05080545229244114,
      "avg_centre_injected_slots_per_window": 0.0080545229244114,
      "window_any_injection_rate": 0.027881040892193308,
      "window_centre_injection_rate": 0.0080545229244114,
      "best_t_counts": {
        "0": 11,
        "1": 11,
        "2": 15,
        "3": 10,
        "4": 6
      }
    }
  }
}