{
  "label": "stfs_crrcd_v6_etf_postref_centreKD_stfsAlign_stfsShifter",
  "run_dir": "/home/dsa/stenosis/rfdetr_video/runs/stfs_crrcd_v6_etf_postref_centreKD_stfsAlign_stfsShifter",
  "variants": {
    "final": {
      "macro": {
        "AP30": 0.5166886531822807,
        "AP50": 0.2727409975018359,
        "AP75": 0.018257752947299803,
        "AP5095": 0.07868653957500722,
        "F1": 0.3319190150345956
      },
      "micro": {
        "AP30": 0.3996842722075419,
        "AP50": 0.11594446336282457,
        "AP75": 0.0008109493170991475,
        "AP5095": 0.023610547794964847,
        "F1": 0.2441008950366151,
        "P": 0.3207412687099073,
        "R": 0.19702276707530647,
        "thr": 0.49
      }
    },
    "first_pass": {
      "macro": {
        "AP30": 0.4819611207216523,
        "AP50": 0.23639898975411033,
        "AP75": 0.016308058649298872,
        "AP5095": 0.06847986570398346,
        "F1": 0.29161341029007354
      },
      "micro": {
        "AP30": 0.32824557155959183,
        "AP50": 0.08138995635588707,
        "AP75": 0.0007198123221699061,
        "AP5095": 0.01708526793791865,
        "F1": 0.23288381742738587,
        "P": 0.2856234096692112,
        "R": 0.19658493870402802,
        "thr": 0.17
      }
    },
    "refine_no_stfs": {
      "macro": {
        "AP30": 0.5160034552048035,
        "AP50": 0.2725692528578278,
        "AP75": 0.018324744362457616,
        "AP5095": 0.07889210482925943,
        "F1": 0.33153565463206053
      },
      "micro": {
        "AP30": 0.40436153781008866,
        "AP50": 0.11547902189625493,
        "AP75": 0.0008771288441958867,
        "AP5095": 0.023631469966646054,
        "F1": 0.2435584486032004,
        "P": 0.32002851033499646,
        "R": 0.19658493870402802,
        "thr": 0.49
      }
    },
    "no_etf_final": {
      "macro": {
        "AP30": 0.4266130865681633,
        "AP50": 0.23108752919027467,
        "AP75": 0.012485545959739709,
        "AP5095": 0.06349029976697877,
        "F1": 0.28576557029041216
      },
      "micro": {
        "AP30": 0.28045013408762154,
        "AP50": 0.08242077214297938,
        "AP75": 0.0005502666633278356,
        "AP5095": 0.016307432516913932,
        "F1": 0.2020497803806735,
        "P": 0.1934321185422507,
        "R": 0.21147110332749564,
        "thr": 0.13
      }
    },
    "no_etf_first_pass": {
      "macro": {
        "AP30": 0.41279360139548105,
        "AP50": 0.21328089262312194,
        "AP75": 0.01476415951760334,
        "AP5095": 0.058717436876607534,
        "F1": 0.24799098583049312
      },
      "micro": {
        "AP30": 0.24199111221873112,
        "AP50": 0.06866019835322393,
        "AP75": 0.00040715236848051827,
        "AP5095": 0.013776702540791153,
        "F1": 0.19289734135455078,
        "P": 0.17323109097246428,
        "R": 0.21760070052539404,
        "thr": 0.01
      }
    },
    "no_etf_refine_no_stfs": {
      "macro": {
        "AP30": 0.4265632332135875,
        "AP50": 0.23040928769392507,
        "AP75": 0.012486095502169642,
        "AP5095": 0.06362586785064081,
        "F1": 0.2851253044768537
      },
      "micro": {
        "AP30": 0.28332991582175027,
        "AP50": 0.08161038282324416,
        "AP75": 0.0005512069581254339,
        "AP5095": 0.01620534563212304,
        "F1": 0.2011289985364834,
        "P": 0.19247699079631853,
        "R": 0.2105954465849387,
        "thr": 0.13
      }
    },
    "stfs_no_aggregator": {
      "macro": {
        "AP30": 0.5168322982419863,
        "AP50": 0.2727746085013333,
        "AP75": 0.018294448951915804,
        "AP5095": 0.07880622792602028,
        "F1": 0.3342974680670371
      },
      "micro": {
        "AP30": 0.40372018237741736,
        "AP50": 0.11850777660053875,
        "AP75": 0.0008336605790399765,
        "AP5095": 0.024203657418305675,
        "F1": 0.24742268041237112,
        "P": 0.3252496433666191,
        "R": 0.19964973730297722,
        "thr": 0.49
      }
    },
    "stfs_no_shifter": {
      "macro": {
        "AP30": 0.5074195275824694,
        "AP50": 0.26960272022886644,
        "AP75": 0.018259225060889644,
        "AP5095": 0.07804610284073732,
        "F1": 0.32934253428380755
      },
      "micro": {
        "AP30": 0.3921615711626989,
        "AP50": 0.11317048109380569,
        "AP75": 0.000803624294385049,
        "AP5095": 0.02307145526960811,
        "F1": 0.2413886628695416,
        "P": 0.3171774768353528,
        "R": 0.19483362521891417,
        "thr": 0.49
      }
    },
    "stfs_no_candidate_refine": {
      "macro": {
        "AP30": 0.5162329458670717,
        "AP50": 0.27147767746545093,
        "AP75": 0.018316450957514524,
        "AP5095": 0.07864254707269584,
        "F1": 0.33129316875670556
      },
      "micro": {
        "AP30": 0.4058760192674313,
        "AP50": 0.11799008500408656,
        "AP75": 0.0008812804507319799,
        "AP5095": 0.024305218604765262,
        "F1": 0.24572823433685922,
        "P": 0.32287954383464007,
        "R": 0.19833625218914186,
        "thr": 0.49
      }
    },
    "stfs_legacy_no_agg_no_shift": {
      "macro": {
        "AP30": 0.5113817012413193,
        "AP50": 0.27094592840428017,
        "AP75": 0.018252522704220515,
        "AP5095": 0.0784383278134367,
        "F1": 0.33017825764794106
      },
      "micro": {
        "AP30": 0.4002866205847245,
        "AP50": 0.11385924966446362,
        "AP75": 0.0008191223157090919,
        "AP5095": 0.023293485801534324,
        "F1": 0.24084621643612691,
        "P": 0.3164647184604419,
        "R": 0.19439579684763572,
        "thr": 0.49
      }
    }
  },
  "track_stats": {
    "normal": {
      "windows": 1614,
      "avg_tracks_per_window": 0.1406443618339529,
      "avg_injected_slots_per_window": 0.1579925650557621,
      "avg_centre_injected_slots_per_window": 0.019206939281288724,
      "window_any_injection_rate": 0.09913258983890955,
      "window_centre_injection_rate": 0.019206939281288724,
      "best_t_counts": {
        "0": 42,
        "1": 51,
        "2": 56,
        "3": 42,
        "4": 36
      }
    },
    "no_etf": {
      "windows": 1614,
      "avg_tracks_per_window": 0.03283767038413878,
      "avg_injected_slots_per_window": 0.05080545229244114,
      "avg_centre_injected_slots_per_window": 0.0080545229244114,
      "window_any_injection_rate": 0.027881040892193308,
      "window_centre_injection_rate": 0.0080545229244114,
      "best_t_counts": {
        "0": 11,
        "1": 11,
        "2": 15,
        "3": 10,
        "4": 6
      }
    }
  }
}
