{
  "label": "video_nodistill_v6_etf_latest",
  "run_dir": "/home/dsa/stenosis/rfdetr_video/runs/stfs_nodistill_v6_etf",
  "variants": {
    "final": {
      "macro": {
        "AP30": 0.385474913696411,
        "AP50": 0.17136711113939768,
        "AP75": 0.017129902760360156,
        "AP5095": 0.04769337753363504,
        "F1": 0.2267090085190248
      },
      "micro": {
        "AP30": 0.22190578910981715,
        "AP50": 0.04774480443889326,
        "AP75": 0.0006614155225217581,
        "AP5095": 0.009891774625652173,
        "F1": 0.1528123444499751,
        "P": 0.17704728950403692,
        "R": 0.13441330998248688,
        "thr": 0.21
      }
    },
    "first_pass": {
      "macro": {
        "AP30": 0.3328574122655802,
        "AP50": 0.1292910841951868,
        "AP75": 0.005978471914793759,
        "AP5095": 0.03325587207157222,
        "F1": 0.17822710546534087
      },
      "micro": {
        "AP30": 0.19826282086004446,
        "AP50": 0.03945158324633586,
        "AP75": 0.00018281667622678074,
        "AP5095": 0.008201904583985637,
        "F1": 0.14211076280041798,
        "P": 0.17616580310880828,
        "R": 0.1190893169877408,
        "thr": 0.08
      }
    },
    "refine_no_stfs": {
      "macro": {
        "AP30": 0.3832411995763219,
        "AP50": 0.16632562530128936,
        "AP75": 0.014970348577905523,
        "AP5095": 0.04590723114110955,
        "F1": 0.22235821671053255
      },
      "micro": {
        "AP30": 0.2264194529610677,
        "AP50": 0.04751199728149506,
        "AP75": 0.0006854020984153541,
        "AP5095": 0.009901819664277091,
        "F1": 0.15560214302352668,
        "P": 0.16625186660029864,
        "R": 0.14623467600700527,
        "thr": 0.2
      }
    },
    "no_etf_final": {
      "macro": {
        "AP30": 0.3535559996930292,
        "AP50": 0.1682906448679788,
        "AP75": 0.011541133381132787,
        "AP5095": 0.045666217583699244,
        "F1": 0.22402425439019308
      },
      "micro": {
        "AP30": 0.18442440360032797,
        "AP50": 0.0447396021742101,
        "AP75": 0.0005881921459206938,
        "AP5095": 0.009763418366068257,
        "F1": 0.14065615370672466,
        "P": 0.12001237240952675,
        "R": 0.16987740805604204,
        "thr": 0.17
      }
    },
    "no_etf_first_pass": {
      "macro": {
        "AP30": 0.3184217436000448,
        "AP50": 0.1250558604357035,
        "AP75": 0.0032897881830157684,
        "AP5095": 0.03048852998410794,
        "F1": 0.1762128947221178
      },
      "micro": {
        "AP30": 0.16000922397626482,
        "AP50": 0.031422016957023076,
        "AP75": 8.248528363679895e-05,
        "AP5095": 0.005728938011625557,
        "F1": 0.11668372569089047,
        "P": 0.10957324106113034,
        "R": 0.12478108581436077,
        "thr": 0.05
      }
    },
    "no_etf_refine_no_stfs": {
      "macro": {
        "AP30": 0.35520584931323895,
        "AP50": 0.16950125386712805,
        "AP75": 0.011537540573051105,
        "AP5095": 0.04584243029607034,
        "F1": 0.22500141966856585
      },
      "micro": {
        "AP30": 0.18786676234871946,
        "AP50": 0.04456035131064129,
        "AP75": 0.0005781528647899206,
        "AP5095": 0.009680900288379864,
        "F1": 0.1414975758664033,
        "P": 0.11993911719939117,
        "R": 0.1725043782837128,
        "thr": 0.17
      }
    }
  },
  "track_stats": {
    "normal": {
      "windows": 1614,
      "avg_tracks_per_window": 0.44981412639405205,
      "avg_injected_slots_per_window": 0.42131350681536556,
      "avg_centre_injected_slots_per_window": 0.055762081784386616,
      "window_any_injection_rate": 0.27137546468401486,
      "window_centre_injection_rate": 0.055762081784386616,
      "best_t_counts": {
        "0": 156,
        "1": 154,
        "2": 158,
        "3": 133,
        "4": 125
      }
    },
    "no_etf": {
      "windows": 1614,
      "avg_tracks_per_window": 0.13506815365551425,
      "avg_injected_slots_per_window": 0.16356877323420074,
      "avg_centre_injected_slots_per_window": 0.022304832713754646,
      "window_any_injection_rate": 0.10223048327137546,
      "window_centre_injection_rate": 0.022304832713754646,
      "best_t_counts": {
        "0": 44,
        "1": 47,
        "2": 44,
        "3": 40,
        "4": 43
      }
    }
  }
}