epoch,train_loss,AP@0.3,AP@0.5,F1,precision,recall,best_conf,all/AP@0.3,all/AP@0.5,all/F1,all/precision,all/recall,all/best_conf,val_loss
1,6.409753593700593,0.37716799828568087,0.2020543678671822,0.28938906752411575,0.36486486486486486,0.23978685612788633,0.56,0.3726861247217176,0.1948809856100283,0.28310303557828315,0.36534681269306374,0.2310834813499112,0.56,8.777782501058375
2,6.262589490224254,0.38683697479713736,0.2144655315131865,0.3025210084033614,0.40971168437025796,0.23978685612788633,0.54,0.381899136747454,0.20697913782715335,0.29297092569900857,0.3928891544666866,0.23357015985790408,0.54,8.633015696884048
3,6.1751879608178495,0.3988400102067235,0.24322389345323955,0.3126994256541162,0.5555555555555556,0.21758436944937834,0.5700000000000001,0.391080095851664,0.23813656268264086,0.30310291122559,0.46558704453441296,0.2246891651865009,0.55,8.558320650817654
4,6.124142772224825,0.402346500890673,0.2230623237287458,0.31199569661108123,0.3956343792633015,0.25754884547069273,0.53,0.39672229986831586,0.21970453133441462,0.2996211686373551,0.42356377799415773,0.23179396092362345,0.55,8.779143749399388
5,6.06298323230569,0.3969542162477615,0.22049627668216093,0.3122594832325454,0.4098124098124098,0.2522202486678508,0.53,0.39210889574915797,0.2166856700290956,0.3076100897819581,0.3862050456253355,0.255595026642984,0.52,8.626567894685353
6,6.026038002281431,0.40724435342439647,0.22646414675241372,0.3133841131664853,0.4044943820224719,0.2557726465364121,0.53,0.3988659338058549,0.21983406478073342,0.3057205376680212,0.3698008570708344,0.2605683836589698,0.51,8.701890353615402
7,5.983072626526066,0.38590074890651765,0.2250030555267616,0.2940863079381993,0.36750998668442075,0.24511545293072823,0.5,0.3793290225121983,0.22194255878457628,0.29099117586702233,0.34450923226433433,0.25186500888099467,0.49,8.585652209342793
8,5.951642864193487,0.38124049657457415,0.21486634866818496,0.3081201334816463,0.41220238095238093,0.24600355239786856,0.53,0.3770671009959582,0.21204454749935578,0.29808111644134316,0.385940146809712,0.2428063943161634,0.52,8.757630530824052
9,5.917775376114748,0.4019752604897539,0.24405883998190206,0.32219178082191785,0.4206008583690987,0.261101243339254,0.51,0.3972473883829083,0.24181183040379736,0.3180861667958799,0.4224771991762283,0.25506216696269984,0.51,8.620801682167865
