epoch,train_loss,AP@0.3,AP@0.5,AP@0.75,AP@0.5:0.95,mAR,F1,precision,recall,best_conf,all/AP@0.3,all/AP@0.5,all/AP@0.75,all/AP@0.5:0.95,all/mAR,all/F1,all/precision,all/recall,all/best_conf,val_loss
1,7.1462321140394565,0.27108383521645657,0.13439533724669192,0.003220031546098474,0.033230578783458906,0.24067495559502664,0.24106602059357965,0.379047619047619,0.17673179396092362,0.22,0.26771224462990856,0.13256774411628486,0.003327678450966855,0.03295313352383812,0.24,0.23870811073336573,0.3772064466615503,0.17460035523978687,0.22,8.349749521082714
2,6.99676176666583,0.2960245985335849,0.16380344690013193,0.0036566982569012758,0.039592728818241094,0.24049733570159862,0.25839499146272055,0.35974643423137875,0.20159857904085257,0.26,0.29344242907137963,0.1614463442330256,0.003588658952030749,0.039306578674206206,0.23955595026642987,0.2553191489361702,0.35861182519280205,0.19822380106571935,0.26,8.446459835418375
3,6.904929852843962,0.2849713378046593,0.14321839653185112,0.0017690476884425304,0.03310172526941403,0.23641207815275309,0.2504347826086956,0.3606010016694491,0.19182948490230906,0.42,0.2816318770451803,0.14101297108168487,0.0017146677773431534,0.03276937628731736,0.23573712255772644,0.2482790806206977,0.3617817069024141,0.18898756660746002,0.42,8.622039617060768
