epoch,train_loss,AP@0.3,AP@0.5,AP@0.75,AP@0.5:0.95,mAR,F1,precision,recall,best_conf,all/AP@0.3,all/AP@0.5,all/AP@0.75,all/AP@0.5:0.95,all/mAR,all/F1,all/precision,all/recall,all/best_conf,val_loss
1,7.1462321140394565,0.27108383521645657,0.13439533724669192,0.003220031546098474,0.033230578783458906,0.24067495559502664,0.24106602059357965,0.379047619047619,0.17673179396092362,0.22,0.26771224462990856,0.13256774411628486,0.003327678450966855,0.03295313352383812,0.24,0.23870811073336573,0.3772064466615503,0.17460035523978687,0.22,8.349749521082714
