{"val/cls_loss":3.14233,"train_batch0":{"width":1920,"height":1920,"_type":"image-file","sha256":"63ae3850f4ec3eb75ecf66e0dc665a2968db42ba47b14bf76529ff83e28a5b71","size":341965,"path":"media/images/train_batch0_1_63ae3850f4ec3eb75ecf.jpg","format":"jpg"},"model/parameters":33044566,"lr/pg0":0.0008205248749256015,"_runtime":629,"val/box_loss":2.26621,"train/cls_loss":3.8488,"model/speed_PyTorch(ms)":15.277,"_step":29,"metrics/mAP50(B)":0.03735,"train/box_loss":2.5346,"_timestamp":1.7751419889487166e+09,"labels":{"path":"media/images/labels_1_8617bec0111dcc4f9549.jpg","format":"jpg","width":1600,"height":1600,"_type":"image-file","sha256":"8617bec0111dcc4f9549e5e832e3145c05129bfb5dc37fa04bab9fd6906f1786","size":116138},"model/GFLOPs":0,"train_batch1":{"_type":"image-file","sha256":"c5abd5f3729bbbb77e0fbbf52837cdf5e4ba8c2855935afa711cb265dea68c33","size":369008,"path":"media/images/train_batch1_1_c5abd5f3729bbbb77e0f.jpg","format":"jpg","width":1920,"height":1920},"_wandb":{"runtime":629},"metrics/precision(B)":0.06616,"metrics/mAP50-95(B)":0.01239,"val/dfl_loss":1.92863,"train/dfl_loss":1.88505,"lr/pg1":0.0008205248749256015,"metrics/recall(B)":0.1196,"lr/pg2":0.0008205248749256015,"train_batch2":{"size":401202,"path":"media/images/train_batch2_1_79a4417558029b2308f3.jpg","format":"jpg","width":1920,"height":1920,"_type":"image-file","sha256":"79a4417558029b2308f332c8a1187ae865b8e5d9fa8e4ee05443065cec2c904b"}}