{
  "run": "video_overfit_R1",
  "reports": [
    {
      "dataset": "cadica_50plus_new",
      "n_videos": 160,
      "n_frames": 1614,
      "n_gt_total": 2284,
      "AP@0.3": 0.4161337417795511,
      "AP@0.5": 0.11112672084166034,
      "best_F1_at_IoU0.3": {
        "F1": 0.47030368180596616,
        "P": 0.6089074460681977,
        "R": 0.38309982486865146,
        "thr": 0.47000000000000003,
        "TP": 875,
        "FP": 562,
        "FN": 1409
      },
      "fixed_thr_at_IoU0.3": [
        {
          "thr": 0.2,
          "iou": 0.3,
          "P": 0.5576208178438662,
          "R": 0.39404553415061294,
          "F1": 0.4617752693689071,
          "TP": 900,
          "FP": 714,
          "FN": 1384,
          "mean_TP_IoU": 0.5047460822926627,
          "n_frames_with_gt": 1589,
          "n_frames_with_det": 1614,
          "n_frames_with_TP": 900
        },
        {
          "thr": 0.3,
          "iou": 0.3,
          "P": 0.5576208178438662,
          "R": 0.39404553415061294,
          "F1": 0.4617752693689071,
          "TP": 900,
          "FP": 714,
          "FN": 1384,
          "mean_TP_IoU": 0.5047460822926627,
          "n_frames_with_gt": 1589,
          "n_frames_with_det": 1614,
          "n_frames_with_TP": 900
        },
        {
          "thr": 0.5,
          "iou": 0.3,
          "P": 0.6484992101105845,
          "R": 0.3594570928196147,
          "F1": 0.4625352112676056,
          "TP": 821,
          "FP": 445,
          "FN": 1463,
          "mean_TP_IoU": 0.5072781812404163,
          "n_frames_with_gt": 1589,
          "n_frames_with_det": 1266,
          "n_frames_with_TP": 821
        },
        {
          "thr": 0.7,
          "iou": 0.3,
          "P": 0.8359133126934984,
          "R": 0.11821366024518389,
          "F1": 0.20713463751438435,
          "TP": 270,
          "FP": 53,
          "FN": 2014,
          "mean_TP_IoU": 0.5079876237445408,
          "n_frames_with_gt": 1589,
          "n_frames_with_det": 323,
          "n_frames_with_TP": 270
        }
      ],
      "macro_per_video_F1_at_IoU0.3": 0.543657851342014,
      "n_videos_with_correct": 159,
      "tracks_at_best_thr": {
        "n_tracks": 795,
        "tracks_ever_found": 327,
        "tracks_well_found": 288,
        "tracks_excellently_found": 234,
        "tracks_missed": 468,
        "frac_ever_found": 0.41132075471698115,
        "frac_well_found": 0.3622641509433962,
        "frac_excellently_found": 0.2943396226415094,
        "frac_missed": 0.5886792452830188,
        "mean_per_track_recall": 0.3453415778005606,
        "mean_longest_streak_ratio": 0.3345063421068343,
        "mean_frags_per_track": 0.06540880503144654,
        "score_thr": 0.47000000000000003
      },
      "tracks_at_fixed_thr": [
        {
          "n_tracks": 795,
          "tracks_ever_found": 337,
          "tracks_well_found": 297,
          "tracks_excellently_found": 242,
          "tracks_missed": 458,
          "frac_ever_found": 0.4238993710691824,
          "frac_well_found": 0.37358490566037733,
          "frac_excellently_found": 0.30440251572327043,
          "frac_missed": 0.5761006289308176,
          "mean_per_track_recall": 0.35620411149328296,
          "mean_longest_streak_ratio": 0.3451682169196525,
          "mean_frags_per_track": 0.06792452830188679,
          "score_thr": 0.2
        },
        {
          "n_tracks": 795,
          "tracks_ever_found": 337,
          "tracks_well_found": 297,
          "tracks_excellently_found": 242,
          "tracks_missed": 458,
          "frac_ever_found": 0.4238993710691824,
          "frac_well_found": 0.37358490566037733,
          "frac_excellently_found": 0.30440251572327043,
          "frac_missed": 0.5761006289308176,
          "mean_per_track_recall": 0.35620411149328296,
          "mean_longest_streak_ratio": 0.3451682169196525,
          "mean_frags_per_track": 0.06792452830188679,
          "score_thr": 0.3
        }
      ]
    },
    {
      "dataset": "dataset2_split_test",
      "n_videos": 31,
      "n_frames": 1128,
      "n_gt_total": 1128,
      "AP@0.3": 0.5813129422667977,
      "AP@0.5": 0.24727972125614203,
      "best_F1_at_IoU0.3": {
        "F1": 0.5971223021582733,
        "P": 0.7102689486552567,
        "R": 0.5150709219858156,
        "thr": 0.52,
        "TP": 581,
        "FP": 237,
        "FN": 547
      },
      "fixed_thr_at_IoU0.3": [
        {
          "thr": 0.2,
          "iou": 0.3,
          "P": 0.5611702127659575,
          "R": 0.5611702127659575,
          "F1": 0.5611702127659575,
          "TP": 633,
          "FP": 495,
          "FN": 495,
          "mean_TP_IoU": 0.5442827285560198,
          "n_frames_with_gt": 1128,
          "n_frames_with_det": 1128,
          "n_frames_with_TP": 633
        },
        {
          "thr": 0.3,
          "iou": 0.3,
          "P": 0.5611702127659575,
          "R": 0.5611702127659575,
          "F1": 0.5611702127659575,
          "TP": 633,
          "FP": 495,
          "FN": 495,
          "mean_TP_IoU": 0.5442827285560198,
          "n_frames_with_gt": 1128,
          "n_frames_with_det": 1128,
          "n_frames_with_TP": 633
        },
        {
          "thr": 0.5,
          "iou": 0.3,
          "P": 0.676905574516496,
          "R": 0.5274822695035462,
          "F1": 0.5929247633283508,
          "TP": 595,
          "FP": 284,
          "FN": 533,
          "mean_TP_IoU": 0.543921682864678,
          "n_frames_with_gt": 1128,
          "n_frames_with_det": 879,
          "n_frames_with_TP": 595
        },
        {
          "thr": 0.7,
          "iou": 0.3,
          "P": 0.8411214953271028,
          "R": 0.2393617021276596,
          "F1": 0.37267080745341613,
          "TP": 270,
          "FP": 51,
          "FN": 858,
          "mean_TP_IoU": 0.6038898492300951,
          "n_frames_with_gt": 1128,
          "n_frames_with_det": 321,
          "n_frames_with_TP": 270
        }
      ],
      "macro_per_video_F1_at_IoU0.3": 0.6056833196542153,
      "n_videos_with_correct": 31,
      "tracks_at_best_thr": {
        "n_tracks": 176,
        "tracks_ever_found": 104,
        "tracks_well_found": 91,
        "tracks_excellently_found": 74,
        "tracks_missed": 72,
        "frac_ever_found": 0.5909090909090909,
        "frac_well_found": 0.5170454545454546,
        "frac_excellently_found": 0.42045454545454547,
        "frac_missed": 0.4090909090909091,
        "mean_per_track_recall": 0.4926332658061817,
        "mean_longest_streak_ratio": 0.47267573094384363,
        "mean_frags_per_track": 0.2556818181818182,
        "score_thr": 0.52
      },
      "tracks_at_fixed_thr": [
        {
          "n_tracks": 176,
          "tracks_ever_found": 116,
          "tracks_well_found": 99,
          "tracks_excellently_found": 82,
          "tracks_missed": 60,
          "frac_ever_found": 0.6590909090909091,
          "frac_well_found": 0.5625,
          "frac_excellently_found": 0.4659090909090909,
          "frac_missed": 0.3409090909090909,
          "mean_per_track_recall": 0.5392508434576689,
          "mean_longest_streak_ratio": 0.5120559695428322,
          "mean_frags_per_track": 0.3181818181818182,
          "score_thr": 0.2
        },
        {
          "n_tracks": 176,
          "tracks_ever_found": 116,
          "tracks_well_found": 99,
          "tracks_excellently_found": 82,
          "tracks_missed": 60,
          "frac_ever_found": 0.6590909090909091,
          "frac_well_found": 0.5625,
          "frac_excellently_found": 0.4659090909090909,
          "frac_missed": 0.3409090909090909,
          "mean_per_track_recall": 0.5392508434576689,
          "mean_longest_streak_ratio": 0.5120559695428322,
          "mean_frags_per_track": 0.3181818181818182,
          "score_thr": 0.3
        }
      ]
    }
  ]
}