{
  "AP@0.5": 0.14858162777095102,
  "AP@0.75": 0.00318335311707384,
  "AP@0.5:0.95": 0.03469279314740703,
  "mAR": 0.11703900709219858,
  "F1": 0.258948023653906,
  "precision": 0.31207801950487624,
  "recall": 0.22127659574468084,
  "best_conf_threshold": 0.53,
  "num_detections": 5640,
  "num_gt": 5640
}