{
  "AP@0.5": 0.14862507886025603,
  "AP@0.75": 0.0032433532905812566,
  "AP@0.5:0.95": 0.034738501788802195,
  "mAR": 0.11709219858156028,
  "F1": 0.2589748910562358,
  "precision": 0.3121560780390195,
  "recall": 0.22127659574468084,
  "best_conf_threshold": 0.53,
  "num_detections": 5640,
  "num_gt": 5640
}